# Immutable exceptions captured 2026-10-02 from HEAD; remove entries after refactoring.
af172e99546907f4c79078af21047c5aa351fb65e8c18697b0442b878b049c7c	src/main/java/com/aisolutions/HealthResource.java
6273915a3c36c64d81a18f8fe6da76452622afa2302deb677fb23fc3eafdb43d	src/main/java/com/aisolutions/jobtaskmanagement/client/GroupAuthorityAccessClient.java
048a80156e38bf8fef9e67e46f2ce9ba236abe677e4e78db9ecb8422acf42df4	src/main/java/com/aisolutions/jobtaskmanagement/client/NotificationConfigClient.java
b77e53c7d099e424ae313fc7684dbe1c1d302108659dee61977f8a4bc171ae4e	src/main/java/com/aisolutions/jobtaskmanagement/client/SystemParameterClient.java
43b4131c0b0878810d9ede8e34dcd122d00e65ab38b4b62d0e66b8fa30bd5efd	src/main/java/com/aisolutions/jobtaskmanagement/common/ClientWebApplicationExceptionMapper.java
c0087d839f1a0a79852ba87b74b452099a59ea35889c822bf6eaa07b666ba4aa	src/main/java/com/aisolutions/jobtaskmanagement/config/ServiceAccountConfig.java
a4848a12626f8756920ffa6b755d88fee3640055272cb59a6939a70093f61f59	src/main/java/com/aisolutions/jobtaskmanagement/config/SmtpConfig.java
1a3cb3fef8077024bca0ac599e95e3c020ea63e41555e0cd99fe2d10a6dd3cf9	src/main/java/com/aisolutions/jobtaskmanagement/dto/AttachmentDTO.java
668adb2c8aa1fe7c0e1a877757aa68be5acb671d909e8d75d4cd79b7e7466f4b	src/main/java/com/aisolutions/jobtaskmanagement/dto/GroupAuthorityAccessDTO.java
cc0b1a7121ada7d0073f6f03282c52b012add42b9e218f0a3241c0f9594c582f	src/main/java/com/aisolutions/jobtaskmanagement/dto/JobTaskDTO.java
a2eb484c33e1869d0e1dda49dde0121cc1603f75500546d164b59d95487f8b51	src/main/java/com/aisolutions/jobtaskmanagement/dto/NotificationConfigDTO.java
d07c2a81288f5169fc398c9db1cbc14240ebb5331342348605a3721599922e81	src/main/java/com/aisolutions/jobtaskmanagement/dto/SystemParameterDTO.java
592ee1533035886db27217cd2c8549b453f7cc92f85ae220ee8802a9aa5a009e	src/main/java/com/aisolutions/jobtaskmanagement/dto/TaskReleaseDTO.java
27615cc50ff84012dce4f3808260440fba017304e4bfa84067f16da64ff4715d	src/main/java/com/aisolutions/jobtaskmanagement/dto/VersionIncrementRequestDTO.java
14e27ce9ab58af5ec9ecfe27bd3289e8d3be897b3546d9c7329312a21d16f572	src/main/java/com/aisolutions/jobtaskmanagement/dto/VersionIncrementResponseDTO.java
fb1f69648ce96277db002917cc9d25ea034b53d50dae3ed961ec1db95a8aebaf	src/main/java/com/aisolutions/jobtaskmanagement/entity/Attachment.java
d08ef9536c27a7702f6a636867b982b6bfe3ab39ec53de83a5b59485dff2bec7	src/main/java/com/aisolutions/jobtaskmanagement/entity/JobTask.java
3946a1ec14e06d53c6c58f361ff71526cd719f703dc23df43458f48111caa16e	src/main/java/com/aisolutions/jobtaskmanagement/entity/Staff.java
ae4584e2d8c7d6864418ec1ad447d1d399c940194d809185a81295a370287416	src/main/java/com/aisolutions/jobtaskmanagement/entity/SystemParameter.java
81dcc9e05095b91fdefeeb639acc20af9db1851e46423dfa5470b12c159d8ddc	src/main/java/com/aisolutions/jobtaskmanagement/entity/TaskRelease.java
6c0cc3d0bd42c995443e085588ff602f896046d09186062c1c0313a0d5cbbba3	src/main/java/com/aisolutions/jobtaskmanagement/entity/UserActionLog.java
e6d80e9856f93f83637f1bf4a5c7a4bec9a45cd7cb40ac972fd2f106124819aa	src/main/java/com/aisolutions/jobtaskmanagement/repository/AttachmentRepository.java
44b3ba883818b7d682374de34c9f467388d8c10fd26b92d3ba2989de7d40783f	src/main/java/com/aisolutions/jobtaskmanagement/repository/JobTaskRepository.java
193ce0fd1f5ea4a056ea3ae00b04190a33318c2778f9612cbd65170643725e42	src/main/java/com/aisolutions/jobtaskmanagement/repository/StaffRepository.java
a4c3f5946cce02e4a83a11090e0ca8347615712dc3622349651fb949f01ae825	src/main/java/com/aisolutions/jobtaskmanagement/repository/SystemParameterRepository.java
f5e3616abe9e6de9d8fe850595dbde0fec3e5d92a712e3bb1210ed2a86a1cc2e	src/main/java/com/aisolutions/jobtaskmanagement/repository/TaskReleaseRepository.java
fee37f925635d13481e37dc91f450043fb6c2819ee25dd1dddc42555ea38ed52	src/main/java/com/aisolutions/jobtaskmanagement/repository/UserActionLogRepository.java
7dcf5c4d1301c207ae78c7fb56c9c6278568c1f7852c2c3ecaed368a2b1a60f9	src/main/java/com/aisolutions/jobtaskmanagement/resource/AttachmentResource.java
56e89a37ac3299d7203f3f5bc500db33b49b71a83aff10ea2c412178b12151e4	src/main/java/com/aisolutions/jobtaskmanagement/resource/JobTaskResource.java
b4b8bbf6fc47165e61269d6e0f703bb99372aaa53f80f7cd69210a333b5840c6	src/main/java/com/aisolutions/jobtaskmanagement/resource/TaskReleaseResource.java
7b151db8fcf109c706d5d5214d03e7c000927fe6751280c68bb33a114ed35cc8	src/main/java/com/aisolutions/jobtaskmanagement/service/JobTaskService.java
95cbb9c28212dc4eee0983540090a9991410ee7b85ebbb1b4ff6874a36fbe14e	src/main/java/com/aisolutions/jobtaskmanagement/service/SystemParameterService.java
2722783ab5bb4f79e3d46467b4fd2caf91c9a194f042b0c58dd808e4196de243	src/main/java/com/aisolutions/jobtaskmanagement/service/TaskReleaseService.java
fb856a580c2ac81e6b3b70b2053d0156e5bc063e8024b9d79a583f5d6b11f173	src/main/java/com/aisolutions/jobtaskmanagement/service/attachment/AttachmentService.java
94f63b488ab964b25e688769f0728b1c2e0d92698e14cc9215fecfeec7b74284	src/main/java/com/aisolutions/jobtaskmanagement/service/attachment/FTPStorageService.java
c5468455a5f7f0f957a2b124c0f65913f4acfdb3edfa17a62e83c8ddbc45712a	src/main/java/com/aisolutions/jobtaskmanagement/service/attachment/FtpConfig.java
15fc61301cfa385f161f044ed16982d3d92bb9879dfb8c1a585548eeafbf7518	src/main/java/com/aisolutions/jobtaskmanagement/service/auth/AccessControlService.java
c22c102267f8fc0b8979e43e593117e653bcbf908f59ad1011d6e16bfd370211	src/main/java/com/aisolutions/jobtaskmanagement/service/auth/AuthHeaderFactory.java
e7a42bd5e75c03ef02ef0053b51696442bcaee87c978c5f334713e28b74e8967	src/main/java/com/aisolutions/jobtaskmanagement/service/auth/ServiceAuthHeaderFactory.java
7012a9e6ef94675643be1ecc241b829460d867ee14172df03cc48db7f11ce4f3	src/main/java/com/aisolutions/jobtaskmanagement/service/email/EmailNotificationService.java
b444f5096b5222edec9b00b30121004babdc3b87de2cb2d93143b728c9dbad3e	src/main/java/com/aisolutions/jobtaskmanagement/service/jobtask/JobTaskEmailTemplate.java
0edca5ba9353756ae0549959948dfe50f9cda841e3b043a4fc50e4676db65df7	src/main/java/com/aisolutions/jobtaskmanagement/service/jobtask/JobTaskNotificationService.java
f8c4ab221d274a9edd3068b2c230cdd3932d54aebf09d253bec5f9254c08c518	src/main/java/com/aisolutions/jobtaskmanagement/service/notificationconfig/NotificationConfigService.java
24ec0eb9f32a904d88835e0edeb9fbacf3e6fdb697afa6a91bde8bdc338cae47	src/main/java/com/aisolutions/jobtaskmanagement/service/sms/SmsNotificationService.java
c7f391753eb43a9c78662cbe37cca288f7a2c59add6e20b76d969e6ed644cc99	src/main/java/com/aisolutions/jobtaskmanagement/service/sms/SmsServiceProducer.java
d197ddbbc0b3eced2af63720f15f0ed0a5ace011810293692d30da7bbb770088	src/main/java/com/aisolutions/jobtaskmanagement/service/whatsapp/MetaWhatsappServiceProducer.java
1d88ea073ea59d4a0c7b03577c1da2f54be5dbd1384df6ab02f9db11faec60c2	src/main/java/com/aisolutions/jobtaskmanagement/service/whatsapp/WhatsappNotificationService.java
c0f4c45af09e7e040f0ab2303fd64109e5447c199bea239633162b434d9e4dbb	src/main/java/com/aisolutions/jobtaskmanagement/util/DeviceInfo.java
c039547b6ca10cfab321f8bf7be0bad1c192c82c1f45ff943eaa3779d8efdfe1	src/main/java/com/aisolutions/jobtaskmanagement/util/DeviceInfoExtractor.java
4fd656947616096707c86818306e28195b3121dd37c8863ce355ea78b957247c	src/test/java/com/aisolutions/jobtaskmanagement/service/TaskReleaseServiceVersioningTest.java
